Invoice ID | Customer Name | Email                      | Phone Number | Invoice Date | Due Date   | Payment
1          | John Doe      | john.doe@example.com       | 678-555-5555 | 2023-01-15   | 2023-02-15 | 150.00
2          | Jane Smith    | jane.smith@example.com     | 766-555-5556 | 2023-01-18   | 2023-02-18 | 220.50
3          | Alice Johnson | alice.johnson@example.com  | 823-555-5557 | 2023-01-21   | 2023-02-21 | 75.25
4          | Bob Brown     | bob.brown@example.com      | 944-555-5558 | 2023-01-24   | 2023-02-24 | 430.10
5          | Carol Wilson  | carol.wilson@example.com   | 877-555-5559 | 2023-01-27   | 2023-02-27 | 325.75
6          | David Lee     | david.lee@example.com      | 668-555-5560 | 2023-01-30   | 2023-02-28 | 190.20
7          | Emily White   | emily.white@example.com    | 799-555-5561 | 2023-02-02   | 2023-03-04 | 290.80
8          | Frank Hall    | frank.hall@example.com     | 988-555-5562 | 2023-02-05   | 2023-03-05 | 80.75
9          | Grace Adams   | grace.adams@example.com    | 699-555-5563 | 2023-02-08   | 2023-03-08 | 175.90
10         | Henry Brown   | henry.brown@example.com    | 899-555-5564 | 2023-02-11   | 2023-03-11 | 210.30
11         | Irene Kim     | irene.kim@example.com      | 777-555-5565 | 2023-02-14   | 2023-03-14 | 300.00
12         | Jack Smith    | jack.smith@example.com     | 888-555-5566 | 2023-02-17   | 2023-03-17 | 120.50
13         | Karen Davis   | karen.davis@example.com    | 899-555-5567 | 2023-02-20   | 2023-03-20 | 145.25
14         | Larry Johnson | larry.johnson@example.com  | 877-555-5568 | 2023-02-23   | 2023-03-23 | 255.60
15         | Maria White   | maria.white@example.com    | 766-555-5569 | 2023-02-26   | 2023-03-26 | 85.20
16         | Nathan Hall   | nathan.hall@example.com    | 822-555-5570 | 2023-03-01   | 2023-03-29 | 310.75
17         | Olivia Adams  | olivia.adams@example.com   | 899-555-5571 | 2023-03-04   | 2023-03-31 | 190.90
18         | Paul Brown    | paul.brown@example.com     | 888-555-5572 | 2023-03-07   | 2023-04-02 | 420.10
19         | Quinlan Smith | quinlan.smith@example.com  | 877-555-5573 | 2023-03-10   | 2023-04-05 | 360.75
20         | Rachel Lee    | rachel.lee@example.com     | 799-555-5574 | 2023-03-13   | 2023-04-08 | 165.20
21         | Steve White   | steve.white@example.com    | 899-555-5575 | 2023-03-16   | 2023-04-11 | 290.80
22         | Tina Johnson  | tina.johnson@example.com   | 877-555-5576 | 2023-03-19   | 2023-04-14 | 125.75
23         | Ursula Adams  | ursula.adams@example.com   | 766-555-5577 | 2023-03-22   | 2023-04-17 | 175.60
24         | Victor Hall   | victor.hall@example.com    | 822-555-5578 | 2023-03-25   | 2023-04-20 | 245.25
25         | Wendy Davis   | wendy.davis@example.com    | 944-555-5579 | 2023-03-28   | 2023-04-23 | 110.30
26         | Xavier Kim    | xavier.kim@example.com     | 678-555-5580 | 2023-03-31   | 2023-04-26 | 310.00
27         | Yvonne Smith  | yvonne.smith@example.com   | 777-555-5581 | 2023-04-03   | 2023-04-29 | 95.50
28         | Zachary Lee   | zachary.lee@example.com    | 988-555-5582 | 2023-04-06   | 2023-05-02 | 175.25
29         | Abigail Adams | abigail.adams@example.com  | 799-555-5583 | 2023-04-09   | 2023-05-05 | 230.90
30         | Benjamin Hall | benjamin.hall@example.com  | 668-555-5584 | 2023-04-12   | 2023-05-08 | 410.30
31         | Chloe White   | chloe.white@example.com    | 823-555-5585 | 2023-04-15   | 2023-05-11 | 220.75
32         | Daniel Smith  | daniel.smith@example.com   | 822-555-5586 | 2023-04-18   | 2023-05-14 | 95.20
33         | Emily Johnson | emily.johnson@example.com  | 699-555-5587 | 2023-04-21   | 2023-05-17 | 325.80
34         | Frank Brown   | frank.brown@example.com    | 877-555-5588 | 2023-04-24   | 2023-05-20 | 275.75
35         | Grace Davis   | grace.davis@example.com    | 766-555-5589 | 2023-04-27   | 2023-05-23 | 90.60
36         | Henry Kim     | henry.kim@example.com      | 944-555-5590 | 2023-04-30   | 2023-05-26 | 120.00
37         | Irene Adams   | irene.adams@example.com    | 668-555-5591 | 2023-05-03   | 2023-05-29 | 225.50
38         | Jack Davis    | jack.davis@example.com     | 899-555-5592 | 2023-05-06   | 2023-06-01 | 190.25
39         | Karen Smith   | karen.smith@example.com    | 888-555-5593 | 2023-05-09   | 2023-06-04 | 290.60
40         | Larry Wilson  | larry.wilson@example.com   | 766-555-5594 | 2023-05-12   | 2023-06-07 | 135.90
41         | Maria Adams   | maria.adams@example.com    | 988-555-5595 | 2023-05-15   | 2023-06-10 | 180.30
42         | Nathan Davis  | nathan.davis@example.com   | 822-555-5596 | 2023-05-18   | 2023-06-13 | 275.00
43         | Olivia White  | olivia.white@example.com   | 799-555-5597 | 2023-05-21   | 2023-06-16 | 425.50
44         | Paul Lee      | paul.lee@example.com       | 899-555-5598 | 2023-05-24   | 2023-06-19 | 300.75
45         | Quinlan Kim   | quinlan.kim@example.com    | 777-555-5599 | 2023-05-27   | 2023-06-22 | 125.20
46         | Rachel Smith  | rachel.smith@example.com   | 822-555-5600 | 2023-05-30   | 2023-06-25 | 240.00
47         | Steve Adams   | steve.adams@example.com    | 766-555-5601 | 2023-06-02   | 2023-06-28 | 175.25
48         | Tina Davis    | tina.davis@example.com     | 888-555-5602 | 2023-06-05   | 2023-07-01 | 350.60
49         | Ursula Smith  | ursula.smith@example.com   | 877-555-5603 | 2023-06-08   | 2023-07-04 | 295.90
50         | Victor Kim    | victor.kim@example.com     | 822-555-5604 | 2023-06-11   | 2023-07-07 | 195.10
51         | Wendy White   | wendy.white@example.com    | 944-555-5605 | 2023-06-14   | 2023-07-10 | 165.00
52         | Xavier Davis  | xavier.davis@example.com   | 777-555-5606 | 2023-06-17   | 2023-07-13 | 220.50
53         | Yvonne Adams  | yvonne.adams@example.com   | 899-555-5607 | 2023-06-20   | 2023-07-16 | 290.30
54         | Zachary Smith | zachary.smith@example.com  | 988-555-5608 | 2023-06-23   | 2023-07-19 | 135.80
55         | Abigail White | abigail.white@example.com  | 799-555-5609 | 2023-06-26   | 2023-07-22 | 180.90
56         | Benjamin Kim  | benjamin.kim@example.com   | 668-555-5610 | 2023-06-29   | 2023-07-25 | 275.50
57         | Chloe Adams   | chloe.adams@example.com    | 877-555-5611 | 2023-07-02   | 2023-07-28 | 225.75
58         | Daniel White  | daniel.white@example.com   | 766-555-5612 | 2023-07-05   | 2023-07-31 | 115.20
59         | Emily Smith   | emily.smith@example.com    | 944-555-5613 | 2023-07-08   | 2023-08-03 | 320.60
60         | Frank Kim     | frank.kim@example.com      | 777-555-5614 | 2023-07-11   | 2023-08-06 | 145.90
61         | Grace Lee     | grace.lee@example.com      | 822-555-5615 | 2023-07-14   | 2023-08-09 | 205.30
62         | Henry Davis   | henry.davis@example.com    | 988-555-5616 | 2023-07-17   | 2023-08-12 | 185.25
63         | Irene White   | irene.white@example.com    | 899-555-5617 | 2023-07-20   | 2023-08-15 | 280.50
64         | Jack Adams    | jack.adams@example.com     | 766-555-5618 | 2023-07-23   | 2023-08-18 | 235.00
65         | Karen Kim     | karen.kim@example.com      | 877-555-5619 | 2023-07-26   | 2023-08-21 | 420.00
66         | Larry Smith   | larry.smith@example.com    | 944-555-5620 | 2023-07-29   | 2023-08-24 | 165.75
67         | Maria Davis   | maria.davis@example.com    | 822-555-5621 | 2023-08-01   | 2023-08-27 | 190.80
68         | Nathan Lee    | nathan.lee@example.com     | 777-555-5622 | 2023-08-04   | 2023-08-30 | 275.25
69         | Olivia Kim    | olivia.kim@example.com     | 988-555-5623 | 2023-08-07   | 2023-09-02 | 225.60
70         | Paul White    | paul.white@example.com     | 799-555-5624 | 2023-08-10   | 2023-09-05 | 320.10
71         | Quinlan Adams | quinlan.adams@example.com  | 899-555-5625 | 2023-08-13   | 2023-09-08 | 175.50
72         | Rachel Kim    | rachel.kim@example.com     | 822-555-5626 | 2023-08-16   | 2023-09-11 | 260.90
73         | Steve Davis   | steve.davis@example.com    | 766-555-5627 | 2023-08-19   | 2023-09-14 | 320.00
74         | Tina Smith    | tina.smith@example.com     | 877-555-5628 | 2023-08-22   | 2023-09-17 | 150.20
75         | Ursula Kim    | ursula.kim@example.com     | 899-555-5629 | 2023-08-25   | 2023-09-20 | 180.75
76         | Victor Adams  | victor.adams@example.com   | 988-555-5630 | 2023-08-28   | 2023-09-23 | 260.30
77         | Wendy Lee     | wendy.lee@example.com      | 799-555-5631 | 2023-08-31   | 2023-09-26 | 225.80
78         | Xavier Davis  | xavier.davis@example.com   | 877-555-5632 | 2023-09-03   | 2023-09-29 | 95.60
79         | Yvonne Kim    | yvonne.kim@example.com     | 988-555-5633 | 2023-09-06   | 2023-10-02 | 145.90
80         | Zachary Adams | zachary.adams@example.com  | 766-555-5634 | 2023-09-09   | 2023-10-05 | 275.25
81         | Abigail Davis | abigail.davis@example.com  | 899-555-5635 | 2023-09-12   | 2023-10-08 | 180.60
82         | Benjamin Lee  | benjamin.lee@example.com   | 777-555-5636 | 2023-09-15   | 2023-10-11 | 220.50
83         | Chloe Adams   | chloe.adams@example.com    | 988-555-5637 | 2023-09-18   | 2023-10-14 | 280.30
84         | Daniel Kim    | daniel.kim@example.com     | 766-555-5638 | 2023-09-21   | 2023-10-17 | 145.80
85         | Emily Lee     | emily.lee@example.com      | 822-555-5639 | 2023-09-24   | 2023-10-20 | 190.20
86         | Frank Davis   | frank.davis@example.com    | 799-555-5640 | 2023-09-27   | 2023-10-23 | 230.50
87         | Grace Kim     | grace.kim@example.com      | 822-555-5641 | 2023-09-30   | 2023-10-26 | 310.90
88         | Henry Adams   | henry.adams@example.com    | 877-555-5642 | 2023-10-03   | 2023-10-29 | 195.75
89         | Irene Davis   | irene.davis@example.com    | 766-555-5643 | 2023-10-06   | 2023-11-01 | 290.60
90         | Jack Kim      | jack.kim@example.com       | 988-555-5644 | 2023-10-09   | 2023-11-04 | 120.25
91         | Karen Lee     | karen.lee@example.com      | 799-555-5645 | 2023-10-12   | 2023-11-07 | 175.00
92         | Larry Davis   | larry.davis@example.com    | 777-555-5646 | 2023-10-15   | 2023-11-10 | 220.30
93         | Maria Kim     | maria.kim@example.com      | 766-555-5647 | 2023-10-18   | 2023-11-13 | 420.50
94         | Nathan Adams  | nathan.adams@example.com   | 877-555-5648 | 2023-10-21   | 2023-11-16 | 375.75
95         | Olivia Lee    | olivia.lee@example.com     | 988-555-5649 | 2023-10-24   | 2023-11-19 | 145.20
96         | Paul Kim      | paul.kim@example.com       | 822-555-5650 | 2023-10-27   | 2023-11-22 | 320.60
97         | Quinlan Davis | quinlan.davis@example.com  | 777-555-5651 | 2023-10-30   | 2023-11-25 | 210.10
98         | Rachel Adams  | rachel.adams@example.com   | 799-555-5652 | 2023-11-02   | 2023-11-28 | 185.50
99         | Steve Kim     | steve.kim@example.com      | 822-555-5653 | 2023-11-05   | 2023-12-01 | 290.90
100        | Tina Lee      | tina.lee@example.com       | 877-555-5654 | 2023-11-08   | 2023-12-04 | 150.00
